Produs,Venit
Mouse,506412.2
Imprimanta,353128.45999999996
Tableta,337240.87
Casti,335356.66000000003
Monitor,326096.89
Televizor,316830.12
Laptop,268133.46
Telefon,250455.57
Tastatura,218435.91
Camera Foto,158546.87
