Anul,Luna,Venit
2023,1,35464.20666666667
2023,2,41136.398
2023,3,28226.180000000004
2023,4,26564.739999999998
2023,5,31166.303999999996
2023,6,29300.05
2023,7,21569.719999999998
2023,8,29197.904444444444
2023,9,23676.698
2023,10,45775.005000000005
2023,11,38942.81
2023,12,26559.424
